Titulo do Produto,Link,Preço do Produto
Pulseira De Atividade Para Xiaomi Mi Band 5 Premium Original,https://click1.mercadolivre.com.br/mclics/clicks/external/MLB/count?a=AYqa6fd2bxavko63M43P4ESzuAQgHHukuU1Z6vzelccgw7zxqy9wmOPU%2Ft5V2xSQSaQxQ%2BE6GHybNQdDpZnr8SarJRvhbow7XlQ3p74XTU23oo63KHZqsqIXAzwO3nBQpKWc5SuJ%2FcnUBPutrHPP7%2B%2B8czN43qJ8g3%2Fg8w4CtlnUoNzqikW5h0JDboS1ITp3fJaMA317hAsCZJBd0OvNOT%2BzfWe1ZbxS4Zaf%2BYLFBLaYc8wXovOa3u2kLi8ljoHE9TapKn6txbl7wKDstXwdio2mrSk1YLS7nQohtzji91ZDQpVIAYeW5tah6T1nTTQx33wIzEEVKk2vIFPLAwqGxQUrJpA93TZPzCnZ8Dk4zEjW3YnDNMDg59ajoOMHo4nqBqhN%2BL5GzYh0CHROSrxbazqGLC2jZONbKMHaCQ%2ByUAVvg%2BVkXin9qFpsjoL%2F%2FtcJ%2BdaBUiwQNMuuv6NeSvc%2FF%2BSegvFEwyBbBbPU4wq6xi3yOJmjtE9qRRrs2e8O6nqyonkyBllwjThJ0TEpVJ4M96L8Eek3WzAkdJq7QtPPDSL1kIhGGR3WhNzydodjZigRyRGRW%2FbA8oYL6BkHbwsh83T2TfRxEq0%2BJPQLQhdkMoaZ9S3CbcM2O6zNatM0MlasZZsUbC0sLflfugyb1V4wo8O%2BZ8OdOSnoGIWjAEmr5Z%2F2OLd1Q%2BOxkOix32wtUgsnwcPCRm2CjmVjgKdBMfZir24L%2BhDwToRF8N6H&e=mclics%2Fpseudo-search-pads-buybox%2B7708%2Cmclics%2Fsearch-list-ad-algorithm%2B16026%2Cmclics%2Frolling-layout%2B20432%2Cmclics%2Fshow-pads-global%2B5176%2Cmclics%2Fshow-pads-search-list%2B5146&rb=x,"25,90"
Kit Atacado 5 Pulseiras Para Xiaomi Mi Band 5/6/7 Premium,https://click1.mercadolivre.com.br/mclics/clicks/external/MLB/count?a=4gU%2B6IyVDwI2s3r5eqRYjWXdFfZGt1pWGYLFaQPsolMffGshw%2FUQpH9Et4jER%2FeqWPchs3KBZ58e%2FY4JjyqKFDBxVu3yvzlAuXbA3a%2Br5ILNvYqytoQDfshSkirrEj0mrDbwEpCK%2BluzRFolVshCPwyPddpL7LG2la59gFLv9arH0UTP8ob%2FW8o4lc3Z7UwKu7LAwLbP61jJfQwUJrlU7AtgfraZNN8L2CYopma3sn65k9mfLu1Ot2tdFOLVauWomQx0Fch6a6jqnLzOiQIjHrK%2Bf3WXVdOlV9ar3IBMYgGkht0b749xOkvxpYmbEkc1t5L44U0yqwNLE1WBsErThk44Abt71BH%2FfQnV8R%2BaWao%2FBa98L27FHYOXj7pfh9vX73FCw3bOj7MkfUlEr3wsDo8AU98sTCWSfPEOziqcCSdqf6TZ29Q1R7FqeyDL%2B6XcP8Yg7iCyx1xl6vhzjDa5qXNW29yn%2F6IlyzsiGnjnT9mIxc4vRMJE4IfNFUps5mBhUb43xpU5VnjaNR1m51ZZj2xu2ISb9xHBDe1HOihg3285IkNIKug%2ByMtYB0wk3ygxgaWJ22C5gzBChZyQSLNwRA7rcRTZBmIheAbrCAaLYlheN%2BxBp1ZVH9lKFfyuyvJe%2BKpmQ3BLfi12sQH3He1qU%2Bk3ELA%2BALJ%2BNHIzYPc%2Fteob%2FHVYO7Vxs2xlCq6qzmJo2fpfVVoK04LvvUW4SrCS6cK3R22%2FCyIc&e=mclics%2Fpseudo-search-pads-buybox%2B7708%2Cmclics%2Fsearch-list-ad-algorithm%2B16026%2Cmclics%2Frolling-layout%2B20432%2Cmclics%2Fshow-pads-global%2B5176%2Cmclics%2Fshow-pads-search-list%2B5146&rb=x,"55,90"
Kit Com 5 Pulseiras Para Mi Band 5 E Amazfit Band 5 Silicone,https://produto.mercadolivre.com.br/MLB-1799046187-kit-com-5-pulseiras-para-mi-band-5-e-amazfit-band-5-silicone-_JM#position=8&search_layout=stack&type=item&tracking_id=1d17b379-9626-4cd8-8361-c10a43806414,"39,50"
Kit 5 Pulseira Miband 5 Original Premium Diversas Cores M5,https://produto.mercadolivre.com.br/MLB-1838310218-kit-5-pulseira-miband-5-original-premium-diversas-cores-m5-_JM#position=11&search_layout=stack&type=item&tracking_id=1d17b379-9626-4cd8-8361-c10a43806414,"55,90"
"Xiaomi Mi Band 8 1.62"" caixa  preta, pulseira  preta",https://www.mercadolivre.com.br/xiaomi-mi-band-8-162-caixa-preta-pulseira-preta/p/MLB23407329?pdp_filters=category:MLB135384#searchVariation=MLB23407329&position=3&search_layout=stack&type=product&tracking_id=1d17b379-9626-4cd8-8361-c10a43806414,"268,98"
Xiaomi Mi Band 8 Original Envio Rápido Lacrado + Película,https://produto.mercadolivre.com.br/MLB-3597962502-xiaomi-mi-band-8-original-envio-rapido-lacrado-pelicula-_JM#position=12&search_layout=stack&type=item&tracking_id=1d17b379-9626-4cd8-8361-c10a43806414,"349,84"
Pulseira Mi Band 5 Metal Inoxidável C/ Ajuste Magnético ,https://produto.mercadolivre.com.br/MLB-1833681203-pulseira-mi-band-5-metal-inoxidavel-c-ajuste-magnetico-_JM#position=13&search_layout=stack&type=item&tracking_id=1d17b379-9626-4cd8-8361-c10a43806414,"49,95"
Pulseira Preta Silicone Para Mi Band 5,https://produto.mercadolivre.com.br/MLB-2119469127-pulseira-preta-silicone-para-mi-band-5-_JM#position=14&search_layout=stack&type=item&tracking_id=1d17b379-9626-4cd8-8361-c10a43806414,"11,35"
Kit Com 5 Pulseiras Para Mi Band 5 E Amazfit Band 5 Silicone,https://click1.mercadolivre.com.br/mclics/clicks/external/MLB/count?a=3kKq8%2B5c%2BWxsn550zBhM2YuOppF5IeXfHbfWUdt4mXcgTZDkygVLvjFSItr51F5F045E7HFDmaDI6BLpTOS%2FKmbf%2FTaGBY%2FPg4AJTR88c9JyLUtOU747%2BPLBuC8Q4VSXR%2BSSeyS6rH4BKYb1%2BIg2tl4%2FT5OmwuVn1AiO5tEfN2Ca92l26uguE4M90J0up08okerDflLIiRFhIf%2BwX3Ngbjk%2BOw2rIkX51i3nMwSKYzCvkzEaMK75yL3mgA5Adcbks0BcgoeOkFsQrtr7rSd0yneOHVyU%2BCsd1uAMMe%2BngcdPUNCraSJhPjuHbVnVG0MIwjrACq3Ly09eKms4G9NnPdf%2BP5awjOc2nXuTA01pA%2Bz98CKyzvnwAY9FRSzbMwryjtpRKI6x3hpNZvAKsXYzkXA3Ox9RQZc2RcomrT0hDGfccXxyNB%2FNDHPSXTvjy6tpUZptIS0oCEvb%2BRko8D69228IVgRdVDITxZ2f9IFdEC4wuUsvJC%2FFJpGmetbv0cU4dZkFsImZ%2FI%2FuQ1zMvYoCA6Nkg2oUE8fXsq2%2F3P4YJHjHpia2XpOchhzdvmEMIOa2Y9xAnNPoHWRD9L3SwvSQN63sCicFS3%2F0z2CmQ2%2F1a9FXrzITATE5i75%2FIIb%2FZNOFujsfPJ6juW0BdGQL3P7%2BpucielmeROjf5o019crhZ5g1Lpf8TTlXXKmv4YsgPTFgl%2BspNHGSoCfs7fD2%2B0ogWpzUyPUOlLSh97ChooRH&e=mclics%2Fpseudo-search-pads-buybox%2B7708%2Cmclics%2Fsearch-list-ad-algorithm%2B16026%2Cmclics%2Frolling-layout%2B20432%2Cmclics%2Fshow-pads-global%2B5176%2Cmclics%2Fshow-pads-search-list%2B5146&rb=x,"39,50"
Kit 5 Pulseira Mi Band 5 E 5 Silicone super Resistente,https://click1.mercadolivre.com.br/mclics/clicks/external/MLB/count?a=cP1wNEPLJLA8MLlwsre0AOCdZ4%2FseJgcjlD931YP0lqFiondQ45FHtRH9H6bVVGHFjoTYyOs8B5WOLKsTRSt52s5gUMWSuITTPQI%2FEvOl3Kv6wqc%2FipU9PizQD6TAFWoRbEnV7rY1vysvKCowqXXQbOVSyI3CHsam6u6dCXw7wIBZFlATp%2BcLKFM2LuOJsL5VvP8D5kaCiP9%2FRPFK7jlc32ttGF7I80cS1Igh4QCt%2Bu%2BY5vkcZZWtYAgb5FXSddC%2FSMLGG%2BmZyUEJA%2B7qkEEkkhV4SzH0Lpio6yusGgTnBKCKMH5SXDWr0D47QbRfubKDyGX0%2FnRxDmD%2FjSuFHC0Y5HU%2F4GIppHu%2Fu2sdYlaI9bt5eQGSwiyauGtDvjO0t4cHGNZFWCAmE1gSkpLOmA67dsA6l6ez9%2FSeFdsMzpZC9lJBQ6rOrUZJ4YkjvKw%2BvlmnkEZT5W2e97IgE19SpRAgUdXfiddSToc%2BRCbnO%2FTFvNWjTvmp8%2BdN0XR9hrUAjpk70M6For0cAcnDn03ENamcAfAi6EzgpeWna5dxPPZHHFp9hcni6p%2B5WwxDLvBLWaP7FX6ircc3Zc3AF4z1g2wJEHccNr2cfPBVJDDIARIdKAFlnVObwOWt2xTvW41%2FwYoeKTuxgsxYyFY5o9cQwmeBMCy7BAZps3UqRkdFeBZKc7eaBFZTusjmIWHlZRV0YIMY8honmwM3I6b2epS%2BC2JHN7%2FGtBcRRIfzg%3D%3D&e=mclics%2Fpseudo-search-pads-buybox%2B7708%2Cmclics%2Fsearch-list-ad-algorithm%2B16026%2Cmclics%2Frolling-layout%2B20432%2Cmclics%2Fshow-pads-global%2B5176%2Cmclics%2Fshow-pads-search-list%2B5146&rb=x,"55,90"
Smartwatch D20 Para Homens Mulheres Android Ios Inclui Fotos Cor Da Pulseira Preto Cor Da Caixa Preto Cor Do Bisel Preto,https://www.mercadolivre.com.br/smartwatch-d20-para-homens-mulheres-android-ios-inclui-fotos-cor-da-pulseira-preto-cor-da-caixa-preto-cor-do-bisel-preto/p/MLB23944053?pdp_filters=category:MLB135384#searchVariation=MLB23944053&position=4&search_layout=stack&type=product&tracking_id=1d17b379-9626-4cd8-8361-c10a43806414,"92,90"
Pulseira Metal Mi Band 5 Aço Inoxidável Com Ajuste Magnético,https://produto.mercadolivre.com.br/MLB-1833657214-pulseira-metal-mi-band-5-aco-inoxidavel-com-ajuste-magnetico-_JM#position=15&search_layout=stack&type=item&tracking_id=1d17b379-9626-4cd8-8361-c10a43806414,"47,75"
Kit De 5 Pulseiras Silicone Para Mi Band 4 Diversas Cores,https://produto.mercadolivre.com.br/MLB-1776657239-kit-de-5-pulseiras-silicone-para-mi-band-4-diversas-cores-_JM#position=16&search_layout=stack&type=item&tracking_id=1d17b379-9626-4cd8-8361-c10a43806414,"39,89"
Dz Para Mi Band 6 Respirável Fecho Pino Fivela De Duas Cores,https://produto.mercadolivre.com.br/MLB-1900426571-dz-para-mi-band-6-respiravel-fecho-pino-fivela-de-duas-cores-_JM#position=17&search_layout=stack&type=item&tracking_id=1d17b379-9626-4cd8-8361-c10a43806414,"77,61"
"Smartwatch Amazfit Band Band 7 Band 1.44"" caixa 1.47"" de  policarbonato  preta, pulseira  preta e o arco  preto de  vidrio templado A2177",https://www.mercadolivre.com.br/smartwatch-amazfit-band-band-7-band-144-caixa-147-de-policarbonato-preta-pulseira-preta-e-o-arco-preto-de-vidrio-templado-a2177/p/MLB22485684?pdp_filters=category:MLB135384#searchVariation=MLB22485684&position=5&search_layout=stack&type=product&tracking_id=1d17b379-9626-4cd8-8361-c10a43806414,"240,33"
Xiaomi Mi Band 8 Original Pronta Entrega No Brasil Com Nf,https://produto.mercadolivre.com.br/MLB-3304553265-xiaomi-mi-band-8-original-pronta-entrega-no-brasil-com-nf-_JM#position=18&search_layout=stack&type=item&tracking_id=1d17b379-9626-4cd8-8361-c10a43806414,"395,95"
"Xiaomi Mi Smart Band 5 1.1"" caixa de  plástico pc  preta, pulseira  black XMSH10HM",https://www.mercadolivre.com.br/xiaomi-mi-smart-band-5-11-caixa-de-plastico-pc-preta-pulseira-black-xmsh10hm/p/MLB15963018?pdp_filters=category:MLB135384#searchVariation=MLB15963018&position=6&search_layout=stack&type=product&tracking_id=1d17b379-9626-4cd8-8361-c10a43806414,"174,91"
Kit De Pulseiras Cores Foscas Para Mi Band 4 Combo Com 5pcs.,https://produto.mercadolivre.com.br/MLB-1776590789-kit-de-pulseiras-cores-foscas-para-mi-band-4-combo-com-5pcs-_JM#position=21&search_layout=stack&type=item&tracking_id=1d17b379-9626-4cd8-8361-c10a43806414,"39,79"
Kit De 5 Pulseiras Silicone Para Mi Band 4 Diversas Cores,https://click1.mercadolivre.com.br/mclics/clicks/external/MLB/count?a=gNIVLMmfzuaexL1nTfk4QMPj0T9SBpQal1AE64IUsYOISUwsDljiSIWQZS2RGluuWO3bxAW6GrwE0b5sQbJK3eC9PsvCjapcuG7pvKtXcyKZRr%2FPGC8pkfeRHyOTmzojLAW2nox%2B%2FtaIishR90wvGvMv0H8Qnnx19UAciI0vZDpL%2FotgN9Zh%2Bj%2BY4B8hHg16RALTKjQkGahH6MEpR0PZ4XreLRmH2bv7yIP6J9vKuFtHQVTA2TdTQY1rLnqK39Am8zb6HS73r5EXwrSIqCPx4dE3iM%2BYyi6LIx4%2BdUUPZOxGBkNWOMKYE5Gkl6KQqSwXfqo3nC8cPEjNPwQSTrAbJ9NuoU%2BfvOH9BBmcn19%2BwGnkXSM5xMhRXX3a15fu257O6tjasX97pv%2FmsdpqMW43np4ZlvR4KGXbXCbFwKBaQRH1%2FT6RqfbqXX9NfzqFMq5o6DSg%2FaIIWM9uxozUQF80TEwEHZyQfM7ewgi9ZpKf3YMWRza%2Fq5l64LlenTH8ytNPsjesa2hP2YhoHS1sfhHGa9kLiBShtfpKeNOjulBA3JJs64meQ7DdTb3yB9gtWRP%2FZqP1s6%2F1opOIRbet3XTi%2BGUhFQaxfCtWL5VBJZ5Al8mGhD13L7b%2BrJXNBCWxCzz%2BOy6VyMqtvVMLhsZ0GHFfL%2F49xr4GUDz9QwBcdYomhuW2hCB%2F9iuexrmL7tKteQrbzZDsW2xNH722niQwRrxR%2FNK%2BcAcMdguQTbRa&e=mclics%2Fpseudo-search-pads-buybox%2B7708%2Cmclics%2Fsearch-list-ad-algorithm%2B16026%2Cmclics%2Frolling-layout%2B20432%2Cmclics%2Fshow-pads-global%2B5176%2Cmclics%2Fshow-pads-search-list%2B5146&rb=x,"39,89"
Kit 5 Pulseira Colorida Mi Band 4 /mi Band 3  Pronta Entrega,https://click1.mercadolivre.com.br/mclics/clicks/external/MLB/count?a=anoeAvP6MrkfHNLC5gx8VxSWbjB4CHz%2B620vJTb6PsajAuoTYBFD639cuTgK5WBSXeeZHYjdzZFMc6lpqY9lIYR4NmlyCyvKyxe%2FHwGxhcHywcnfm%2BHt694lsxrnAwi5CTlcrI0PBdwmdzYWo72P4foQOtnKagN4pLynuMcDVs1p3Eq69N0rqc%2FmavcTnfNmG8ZiCRxBHo4j22xnbyc%2FlX5eKYtRuDpRmQLaG%2BSbUceL%2B73WOlg2bMn%2FzJK6VGGQbwkSLYT33s%2Fpxpce4ExMxyD9fsMzTUypGLlZ%2FFzCn4adGszBUa7noZGZrHTWW0uVcFYJPq%2BRUz9V6VEetFQzIykZLH0t4sD0jelpmJNB00zSkZMMRpwSrOpZTauO55z6Wb%2Fd99Y62zxKSr02Al9IatupYGfRx%2BYywkJCWJrS%2FIRqbvNg4FXB9didjf2hLxeAtfvpPLuiubR63U3ZK79DtKxg8JMsemCbC2DqO4uc3sSxe6PCEU1N30XQAGnCnQffA0E3R61Yc%2FObNtrQqJu8Ui49LTooABi5Kn0CYaZcXnwdIpQCab71C%2BKb2kDd7aIf3hsVgTmT2P6gX%2FDPXu6h5BB%2FiSOl%2FXEjE994IK8ujKRYNNkO3Q5ruZCaPXbImLqRsTqYxfdDrcQAMflaGtYBEiAmsseJ4KkMU7xOR5FB%2FYspf%2BsZwDVZFl%2BvAHCpnTroLr883ZA1nHVOYJsahVS0qEuAfqlHDVDdWYJvDFBK&e=mclics%2Fpseudo-search-pads-buybox%2B7708%2Cmclics%2Fsearch-list-ad-algorithm%2B16026%2Cmclics%2Frolling-layout%2B20432%2Cmclics%2Fshow-pads-global%2B5176%2Cmclics%2Fshow-pads-search-list%2B5146&rb=x,"31,45"
Xiaomi Mi Band 8 Original Lacrado Envio Rápido Imediato C/nf,https://produto.mercadolivre.com.br/MLB-3311612709-xiaomi-mi-band-8-original-lacrado-envio-rapido-imediato-cnf-_JM#position=22&search_layout=stack&type=item&tracking_id=1d17b379-9626-4cd8-8361-c10a43806414,"369,90"
Pulseira Colorida Silicone Mi Band 5 Lançamento Envio 24h,https://produto.mercadolivre.com.br/MLB-1795035747-pulseira-colorida-silicone-mi-band-5-lancamento-envio-24h-_JM#position=23&search_layout=stack&type=item&tracking_id=1d17b379-9626-4cd8-8361-c10a43806414,"14,99"
Kit Atacado 5 Pulseiras Para Xiaomi Mi Band 5/6/7 Premium,https://produto.mercadolivre.com.br/MLB-2906655011-kit-atacado-5-pulseiras-para-xiaomi-mi-band-567-premium-_JM#position=24&search_layout=stack&type=item&tracking_id=1d17b379-9626-4cd8-8361-c10a43806414,"55,90"
5 Pulseiras De Silicone Compatíveis Para Miband 3 E 4 Pretas,https://produto.mercadolivre.com.br/MLB-1775472164-5-pulseiras-de-silicone-compativeis-para-miband-3-e-4-pretas-_JM?searchVariation=73902484141#searchVariation=73902484141&position=25&search_layout=stack&type=item&tracking_id=1d17b379-9626-4cd8-8361-c10a43806414,"43,85"
Kit De 5 Pulseiras Silicone Para Mi Band 3 E Band Escolha,https://produto.mercadolivre.com.br/MLB-1962607778-kit-de-5-pulseiras-silicone-para-mi-band-3-e-band-escolha-_JM#position=26&search_layout=stack&type=item&tracking_id=1d17b379-9626-4cd8-8361-c10a43806414,"24,99"
Kit 5 Com Pulseira Colorida Extra Mi Band 6 Pronta Entrega,https://produto.mercadolivre.com.br/MLB-2092511821-kit-5-com-pulseira-colorida-extra-mi-band-6-pronta-entrega-_JM#position=27&search_layout=stack&type=item&tracking_id=1d17b379-9626-4cd8-8361-c10a43806414,"28,76"
Smart Band 8 Xiaomi Original Lacrada Pronta Entrega C/ Nf-e,https://produto.mercadolivre.com.br/MLB-3314361881-smart-band-8-xiaomi-original-lacrada-pronta-entrega-c-nf-e-_JM#position=28&search_layout=stack&type=item&tracking_id=1d17b379-9626-4cd8-8361-c10a43806414,"419,85"
Xiaomi Mi Band 8 Original Pronta Entrega Com Envio Rapido,https://produto.mercadolivre.com.br/MLB-3324100765-xiaomi-mi-band-8-original-pronta-entrega-com-envio-rapido-_JM#position=29&search_layout=stack&type=item&tracking_id=1d17b379-9626-4cd8-8361-c10a43806414,"380,99"
Pulseira Silicone Para Xiaomi Mi Band 5 Silicone Premium ,https://produto.mercadolivre.com.br/MLB-1879274411-pulseira-silicone-para-xiaomi-mi-band-5-silicone-premium-_JM#position=30&search_layout=stack&type=item&tracking_id=1d17b379-9626-4cd8-8361-c10a43806414,"13,39"
Kit 5 Pulseira Com Pino De Metal Para Mi Band 4 + 1 Película,https://produto.mercadolivre.com.br/MLB-1835369262-kit-5-pulseira-com-pino-de-metal-para-mi-band-4-1-pelicula-_JM#position=31&search_layout=stack&type=item&tracking_id=1d17b379-9626-4cd8-8361-c10a43806414,"43,20"
Pulseira Colorida De Silicone Para Mi Band 5 E 6,https://produto.mercadolivre.com.br/MLB-2119498117-pulseira-colorida-de-silicone-para-mi-band-5-e-6-_JM#position=32&search_layout=stack&type=item&tracking_id=1d17b379-9626-4cd8-8361-c10a43806414,14
Pulseira De Atividade Para Xiaomi Mi Band 5 Premium Original,https://produto.mercadolivre.com.br/MLB-1803746246-pulseira-de-atividade-para-xiaomi-mi-band-5-premium-original-_JM#position=33&search_layout=stack&type=item&tracking_id=1d17b379-9626-4cd8-8361-c10a43806414,"25,90"
Xiaomi Mi Band 8 Original Lacrado Pronta Entrega ,https://produto.mercadolivre.com.br/MLB-3307551345-xiaomi-mi-band-8-original-lacrado-pronta-entrega-_JM#position=34&search_layout=stack&type=item&tracking_id=1d17b379-9626-4cd8-8361-c10a43806414,"399,90"
Kit 5 Pulseira Mi Band 5 E 5 Silicone super Resistente,https://produto.mercadolivre.com.br/MLB-1838313256-kit-5-pulseira-mi-band-5-e-5-siliconesuper-resistente-_JM#position=35&search_layout=stack&type=item&tracking_id=1d17b379-9626-4cd8-8361-c10a43806414,"55,90"
Pulseira Colorida De Silicone Mi Band 5,https://produto.mercadolivre.com.br/MLB-1887951440-pulseira-colorida-de-silicone-mi-band-5-_JM#position=36&search_layout=stack&type=item&tracking_id=1d17b379-9626-4cd8-8361-c10a43806414,"14,90"
Pulseira De Silicone Para Mi Band 3 E 4 - Kit Com 5,https://produto.mercadolivre.com.br/MLB-2719445883-pulseira-de-silicone-para-mi-band-3-e-4-kit-com-5-_JM?searchVariation=174822070973#searchVariation=174822070973&position=37&search_layout=stack&type=item&tracking_id=1d17b379-9626-4cd8-8361-c10a43806414,"19,99"
Kit 5 Pulseira Colorida Mi Band 5/ Mi Band 6 Pronta Entrega,https://produto.mercadolivre.com.br/MLB-1812215565-kit-5-pulseira-colorida-mi-band-5-mi-band-6-pronta-entrega-_JM#position=38&search_layout=stack&type=item&tracking_id=1d17b379-9626-4cd8-8361-c10a43806414,"30,90"
Relógio Digital Led Infantil Pokémon - 5 Modelos Diferentes,https://produto.mercadolivre.com.br/MLB-3310457916-relogio-digital-led-infantil-pokemon-5-modelos-diferentes-_JM#position=39&search_layout=stack&type=item&tracking_id=1d17b379-9626-4cd8-8361-c10a43806414,"29,50"
"Smartwatch Amazfit Bands Band 5 Sport 1.1"" caixa 47.2mm de  policarbonato  preta, pulseira  midnight black e o arco  preto de  plástico A2005",https://www.mercadolivre.com.br/smartwatch-amazfit-bands-band-5-sport-11-caixa-472mm-de-policarbonato-preta-pulseira-midnight-black-e-o-arco-preto-de-plastico-a2005/p/MLB17232987?pdp_filters=category:MLB135384#searchVariation=MLB17232987&position=7&search_layout=stack&type=product&tracking_id=1d17b379-9626-4cd8-8361-c10a43806414,"189,90"
Kit 5 Pulseira Desportiva Xiaomi Mi Band 5 Premium Original,https://produto.mercadolivre.com.br/MLB-1838313250-kit-5-pulseira-desportiva-xiaomi-mi-band-5-premium-original-_JM#position=40&search_layout=stack&type=item&tracking_id=1d17b379-9626-4cd8-8361-c10a43806414,"59,90"
Kit 5 Pulseiras De Silicone Mi Band 4 Miband4 Diversas Cores,https://produto.mercadolivre.com.br/MLB-2111754727-kit-5-pulseiras-de-silicone-mi-band-4-miband4-diversas-cores-_JM#position=41&search_layout=stack&type=item&tracking_id=1d17b379-9626-4cd8-8361-c10a43806414,"39,49"
Kit De 5 Pulseiras Para Xiaomi Relógio Mi Band 4 Smartwatch,https://produto.mercadolivre.com.br/MLB-1776928539-kit-de-5-pulseiras-para-xiaomi-relogio-mi-band-4-smartwatch-_JM#position=42&search_layout=stack&type=item&tracking_id=1d17b379-9626-4cd8-8361-c10a43806414,"39,45"
Pulseira Inteligente Xiaomi Mi Band 7 Bluetooth  Preto,https://produto.mercadolivre.com.br/MLB-3284271043-pulseira-inteligente-xiaomi-mi-band-7-bluetooth-preto-_JM#position=43&search_layout=stack&type=item&tracking_id=1d17b379-9626-4cd8-8361-c10a43806414,"699,90"
Kit 5 Pulseira Colorida Mi Band 4 /mi Band 3  Pronta Entrega,https://produto.mercadolivre.com.br/MLB-1879279180-kit-5-pulseira-colorida-mi-band-4-mi-band-3-pronta-entrega-_JM#position=44&search_layout=stack&type=item&tracking_id=1d17b379-9626-4cd8-8361-c10a43806414,"29,98"
Kit 5 Pulseira Colorida Mi Band 4 /mi Band 3  Pronta Entrega,https://produto.mercadolivre.com.br/MLB-2720828729-kit-5-pulseira-colorida-mi-band-4-mi-band-3-pronta-entrega-_JM#position=45&search_layout=stack&type=item&tracking_id=1d17b379-9626-4cd8-8361-c10a43806414,"17,99"
Pulseira De Silicone Para Mi Band 3 E 4 - Kit Com 5,https://produto.mercadolivre.com.br/MLB-1468864984-pulseira-de-silicone-para-mi-band-3-e-4-kit-com-5-_JM?searchVariation=174885342870#searchVariation=174885342870&position=46&search_layout=stack&type=item&tracking_id=1d17b379-9626-4cd8-8361-c10a43806414,"25,99"
Kit 5 Pulseira Colorida Mi Band 4 /mi Band 3  Pronta Entrega,https://produto.mercadolivre.com.br/MLB-1812210490-kit-5-pulseira-colorida-mi-band-4-mi-band-3-pronta-entrega-_JM#position=47&search_layout=stack&type=item&tracking_id=1d17b379-9626-4cd8-8361-c10a43806414,"31,45"
Kit 5 Pulseiras Silicone Para Miband 4 Xiaomi Diversas Cores,https://produto.mercadolivre.com.br/MLB-2111847732-kit-5-pulseiras-silicone-para-miband-4-xiaomi-diversas-cores-_JM#position=48&search_layout=stack&type=item&tracking_id=1d17b379-9626-4cd8-8361-c10a43806414,"38,99"
Pulseira De Silicone Para Mi Band 3 E 4 - Kit Com 5,https://produto.mercadolivre.com.br/MLB-1879279109-pulseira-de-silicone-para-mi-band-3-e-4-kit-com-5-_JM?searchVariation=84169281220#searchVariation=84169281220&position=49&search_layout=stack&type=item&tracking_id=1d17b379-9626-4cd8-8361-c10a43806414,"27,99"
Pulseira De Silicone Para Mi Band 3 E 4 - Kit Com 5,https://produto.mercadolivre.com.br/MLB-2144355003-pulseira-de-silicone-para-mi-band-3-e-4-kit-com-5-_JM#position=50&search_layout=stack&type=item&tracking_id=1d17b379-9626-4cd8-8361-c10a43806414,"27,88"
Kit 5 Pulseira Colorida Mi Band 5 /mi Band 6  Pronta Entrega,https://produto.mercadolivre.com.br/MLB-2901805036-kit-5-pulseira-colorida-mi-band-5-mi-band-6-pronta-entrega-_JM?searchVariation=175619816617#searchVariation=175619816617&position=51&search_layout=stack&type=item&tracking_id=1d17b379-9626-4cd8-8361-c10a43806414,"19,99"
Kit 5 Pulseiras Colorida Mi Band 3 E 4,https://produto.mercadolivre.com.br/MLB-1885000689-kit-5-pulseiras-colorida-mi-band-3-e-4-_JM#position=52&search_layout=stack&type=item&tracking_id=1d17b379-9626-4cd8-8361-c10a43806414,"33,79"
Mi Band 5 Pulseira Colorida Silicone Reposição Lançamento,https://produto.mercadolivre.com.br/MLB-1621830474-mi-band-5-pulseira-colorida-silicone-reposico-lancamento-_JM#position=53&search_layout=stack&type=item&tracking_id=1d17b379-9626-4cd8-8361-c10a43806414,"11,99"
Kit 5 Pulseira Mi Band 5 E 5 Silicone super Resistente,https://produto.mercadolivre.com.br/MLB-3633228064-kit-5-pulseira-mi-band-5-e-5-siliconesuper-resistente-_JM?searchVariation=178236477393#searchVariation=178236477393&position=54&search_layout=stack&type=item&tracking_id=1d17b379-9626-4cd8-8361-c10a43806414,"20,33"
Pulseira De Reposição P/ Mi Band 5 E Smartband M5 Silicone,https://produto.mercadolivre.com.br/MLB-1703785087-pulseira-de-reposico-p-mi-band-5-e-smartband-m5-silicone-_JM#position=55&search_layout=stack&type=item&tracking_id=1d17b379-9626-4cd8-8361-c10a43806414,"24,88"
Pulseira Inteligente Xiaomi Mi Band 7 Bluetooth  Preto,https://produto.mercadolivre.com.br/MLB-3284229693-pulseira-inteligente-xiaomi-mi-band-7-bluetooth-preto-_JM#position=56&search_layout=stack&type=item&tracking_id=1d17b379-9626-4cd8-8361-c10a43806414,"671,90"
